2025-09-01T00:46:51.000Z,0.07
2025-09-01T02:33:13.000Z,0
2025-09-01T03:39:47.000Z,0
2025-09-01T04:05:07.000Z,0
2025-09-01T04:35:52.000Z,0
2025-09-01T04:50:03.000Z,0
2025-09-01T04:56:34.000Z,0
2025-09-01T05:13:49.000Z,0.03
2025-09-01T05:32:34.000Z,0.03
2025-09-01T05:43:34.000Z,0.03
2025-09-01T05:49:41.000Z,0.03
2025-09-01T05:55:50.000Z,0.03
2025-09-01T06:19:20.000Z,0.1
2025-09-01T06:47:38.000Z,0.1
2025-09-01T06:58:27.000Z,0.13
2025-09-01T07:17:48.000Z,0.17
2025-09-01T07:31:23.000Z,0.3
2025-09-01T07:40:35.000Z,0.33
2025-09-01T07:46:48.000Z,0.33
2025-09-01T07:53:02.000Z,0.37
2025-09-01T07:59:08.000Z,0.33
2025-09-01T08:27:26.000Z,0.23
2025-09-01T08:46:27.000Z,0.13
2025-09-01T08:56:25.000Z,0.13
2025-09-01T09:15:38.000Z,0.03
2025-09-01T09:34:49.000Z,0.03
2025-09-01T09:45:38.000Z,0
2025-09-01T09:51:52.000Z,0
2025-09-01T09:57:59.000Z,0.03
2025-09-01T10:17:54.000Z,0.1
2025-09-01T10:39:48.000Z,0.1
2025-09-01T10:49:31.000Z,0.1
2025-09-01T10:55:41.000Z,0.1
2025-09-01T11:09:40.000Z,0.17
2025-09-01T11:24:03.000Z,0.3
2025-09-01T11:30:12.000Z,0.33
2025-09-01T11:38:09.000Z,0.33
2025-09-01T11:44:18.000Z,0.33
2025-09-01T11:50:25.000Z,0.33
2025-09-01T11:56:32.000Z,0.3
2025-09-01T12:26:54.000Z,0.27
2025-09-01T13:03:51.000Z,0.3
2025-09-01T13:34:03.000Z,0.33
2025-09-01T13:46:13.000Z,0.27
2025-09-01T13:52:21.000Z,0.27
2025-09-01T13:58:27.000Z,0.27
2025-09-01T14:16:12.000Z,0.2
2025-09-01T14:33:15.000Z,0.17
2025-09-01T14:44:20.000Z,0.23
2025-09-01T14:50:40.000Z,0.23
2025-09-01T14:56:47.000Z,0.27
2025-09-01T15:13:02.000Z,0.37
2025-09-01T15:29:17.000Z,0.33
2025-09-01T15:39:06.000Z,0.33
2025-09-01T15:45:19.000Z,0.37
2025-09-01T15:51:35.000Z,0.3
2025-09-01T15:57:43.000Z,0.27
2025-09-01T16:18:23.000Z,0.27
2025-09-01T16:38:55.000Z,0.27
2025-09-01T16:49:23.000Z,0.33
2025-09-01T16:55:37.000Z,0.43
2025-09-01T17:08:51.000Z,0.43
2025-09-01T17:25:21.000Z,0.5
2025-09-01T17:33:50.000Z,0.37
2025-09-01T17:41:11.000Z,0.4
2025-09-01T17:47:32.000Z,0.27
2025-09-01T17:53:38.000Z,0.27
2025-09-01T17:59:47.000Z,0.23
2025-09-01T18:27:20.000Z,0.33
2025-09-01T18:44:23.000Z,0.33
2025-09-01T18:52:14.000Z,0.3
2025-09-01T18:58:22.000Z,0.37
2025-09-01T19:12:52.000Z,0.37
2025-09-01T19:23:22.000Z,0.2
2025-09-01T19:29:31.000Z,0.2
2025-09-01T19:37:31.000Z,0.2
2025-09-01T19:43:42.000Z,0.23
2025-09-01T19:49:49.000Z,0.23
2025-09-01T19:55:57.000Z,0.1
2025-09-01T20:11:56.000Z,0.17
2025-09-01T20:28:57.000Z,0.13
2025-09-01T20:38:13.000Z,0.13
2025-09-01T20:44:23.000Z,0.13
2025-09-01T20:50:36.000Z,0.13
2025-09-01T20:56:41.000Z,0.1
2025-09-01T21:11:00.000Z,0.07
2025-09-01T21:24:58.000Z,0.13
2025-09-01T21:32:15.000Z,0.23
2025-09-01T21:39:27.000Z,0.23
2025-09-01T21:45:34.000Z,0.23
2025-09-01T21:51:44.000Z,0.23
2025-09-01T21:57:48.000Z,0.23
2025-09-01T22:14:05.000Z,0.2
2025-09-01T22:30:41.000Z,0.13
2025-09-01T22:40:27.000Z,0.03
2025-09-01T22:46:39.000Z,0.03
2025-09-01T22:52:45.000Z,0.03
2025-09-01T22:58:56.000Z,0.07
2025-09-01T23:16:12.000Z,0.07
2025-09-01T23:28:34.000Z,0.03
2025-09-01T23:36:17.000Z,0.03
2025-09-01T23:42:47.000Z,0.03
2025-09-01T23:49:01.000Z,0.03
2025-09-01T23:55:11.000Z,0.03
2025-09-02T00:49:54.000Z,0.03
2025-09-02T02:19:25.000Z,0.03
2025-09-02T03:15:03.000Z,0.03
2025-09-02T03:45:39.000Z,0.03
2025-09-02T03:56:57.000Z,0.03
2025-09-02T04:16:39.000Z,0.1
2025-09-02T04:37:13.000Z,0.07
2025-09-02T04:47:57.000Z,0.07
2025-09-02T04:54:13.000Z,0.07
2025-09-02T05:08:34.000Z,0.07
2025-09-02T05:30:09.000Z,0.1
2025-09-02T05:41:29.000Z,0.1
2025-09-02T05:48:15.000Z,0.1
2025-09-02T05:54:20.000Z,0.1
2025-09-02T06:13:44.000Z,0.13
2025-09-02T06:44:20.000Z,0.1
2025-09-02T06:55:46.000Z,0.07
2025-09-02T07:11:36.000Z,0.03
2025-09-02T07:28:26.000Z,0
2025-09-02T07:38:15.000Z,0.03
2025-09-02T07:44:33.000Z,0.03
2025-09-02T07:50:46.000Z,0.03
2025-09-02T07:56:58.000Z,0.03
2025-09-02T08:19:19.000Z,0.07
2025-09-02T08:41:11.000Z,0.07
2025-09-02T08:53:27.000Z,0.07
2025-09-02T08:59:38.000Z,0.1
2025-09-02T09:21:32.000Z,0.2
2025-09-02T09:35:29.000Z,0.23
2025-09-02T09:44:36.000Z,0.2
2025-09-02T09:50:51.000Z,0.2
2025-09-02T09:56:54.000Z,0.17
2025-09-02T10:14:58.000Z,0.13
2025-09-02T10:34:42.000Z,0.1
2025-09-02T10:45:24.000Z,0.1
2025-09-02T10:51:43.000Z,0.1
2025-09-02T10:57:54.000Z,0.1
2025-09-02T11:13:05.000Z,0.17
2025-09-02T11:25:45.000Z,0.17
2025-09-02T11:33:27.000Z,0.2
2025-09-02T11:40:34.000Z,0.2
2025-09-02T11:46:45.000Z,0.2
2025-09-02T11:53:01.000Z,0.17
2025-09-02T11:59:09.000Z,0.2
2025-09-02T12:39:30.000Z,0.23
2025-09-02T13:16:00.000Z,0.3
2025-09-02T13:40:46.000Z,0.2
2025-09-02T13:50:04.000Z,0.2
2025-09-02T13:56:23.000Z,0.2
2025-09-02T14:12:49.000Z,0.3
2025-09-02T14:33:27.000Z,0.27
2025-09-02T14:46:05.000Z,0.27
2025-09-02T14:52:38.000Z,0.3
2025-09-02T14:58:50.000Z,0.33
2025-09-02T15:18:54.000Z,0.4
2025-09-02T15:34:51.000Z,0.4
2025-09-02T15:44:51.000Z,0.4
2025-09-02T15:51:04.000Z,0.33
2025-09-02T15:57:14.000Z,0.27
2025-09-02T16:17:35.000Z,0.17
2025-09-02T16:40:43.000Z,0.23
2025-09-02T16:50:58.000Z,0.2
2025-09-02T16:57:05.000Z,0.3
2025-09-02T17:12:02.000Z,0.4
2025-09-02T17:27:30.000Z,0.43
2025-09-02T17:36:50.000Z,0.43
2025-09-02T17:42:56.000Z,0.33
2025-09-02T17:49:14.000Z,0.33
2025-09-02T17:55:25.000Z,0.37
2025-09-02T18:12:47.000Z,0.33
2025-09-02T18:36:58.000Z,0.33
2025-09-02T18:48:07.000Z,0.33
2025-09-02T18:54:25.000Z,0.27
2025-09-02T19:02:49.000Z,0.2
2025-09-02T19:18:17.000Z,0.2
2025-09-02T19:25:21.000Z,0.17
2025-09-02T19:32:29.000Z,0.17
2025-09-02T19:39:16.000Z,0.17
2025-09-02T19:45:22.000Z,0.1
2025-09-02T19:51:31.000Z,0.07
2025-09-02T19:57:38.000Z,0.07
2025-09-02T20:16:07.000Z,0.13
2025-09-02T20:29:10.000Z,0.1
2025-09-02T20:37:07.000Z,0.13
2025-09-02T20:43:33.000Z,0.07
2025-09-02T20:49:54.000Z,0.07
2025-09-02T20:56:00.000Z,0.07
2025-09-02T21:09:26.000Z,0.07
2025-09-02T21:23:22.000Z,0.03
2025-09-02T21:29:33.000Z,0.07
2025-09-02T21:36:37.000Z,0.07
2025-09-02T21:42:43.000Z,0.07
2025-09-02T21:48:55.000Z,0.07
2025-09-02T21:55:03.000Z,0.13
2025-09-02T22:07:32.000Z,0.13
2025-09-02T22:25:36.000Z,0.13
2025-09-02T22:34:25.000Z,0.13
2025-09-02T22:41:25.000Z,0.13
2025-09-02T22:47:38.000Z,0.13
2025-09-02T22:53:47.000Z,0.13
2025-09-02T22:59:51.000Z,0.17
2025-09-02T23:16:31.000Z,0.03
2025-09-02T23:26:28.000Z,0.03
2025-09-02T23:33:34.000Z,0.03
2025-09-02T23:40:12.000Z,0.03
2025-09-02T23:46:19.000Z,0.03
2025-09-02T23:52:28.000Z,0.03
2025-09-02T23:58:33.000Z,0.03
2025-09-03T01:16:18.000Z,0
2025-09-03T02:33:54.000Z,0
2025-09-03T03:07:06.000Z,0.03
2025-09-03T03:34:07.000Z,0.03
2025-09-03T03:46:11.000Z,0.03
2025-09-03T03:52:20.000Z,0.03
2025-09-03T03:58:27.000Z,0.03
2025-09-03T04:20:12.000Z,0.03
2025-09-03T04:36:27.000Z,0.03
2025-09-03T04:45:47.000Z,0.03
2025-09-03T04:51:58.000Z,0.03
2025-09-03T04:58:05.000Z,0.03
2025-09-03T05:14:43.000Z,0.03
2025-09-03T05:30:03.000Z,0.03
2025-09-03T05:39:24.000Z,0
2025-09-03T05:45:36.000Z,0
2025-09-03T05:51:41.000Z,0
2025-09-03T05:57:50.000Z,0.03
2025-09-03T06:22:10.000Z,0.13
2025-09-03T06:42:42.000Z,0.13
2025-09-03T06:51:36.000Z,0.07
2025-09-03T06:57:43.000Z,0.03
2025-09-03T07:14:26.000Z,0.07
2025-09-03T07:27:23.000Z,0.07
2025-09-03T07:36:01.000Z,0.2
2025-09-03T07:42:26.000Z,0.2
2025-09-03T07:48:39.000Z,0.23
2025-09-03T07:54:50.000Z,0.23
2025-09-03T08:12:11.000Z,0.23
2025-09-03T08:34:57.000Z,0.2
2025-09-03T08:47:46.000Z,0.27
2025-09-03T08:54:47.000Z,0.23
2025-09-03T09:09:15.000Z,0.17
2025-09-03T09:27:56.000Z,0.13
2025-09-03T09:37:56.000Z,0.13
2025-09-03T09:44:29.000Z,0.1
2025-09-03T09:50:35.000Z,0.03
2025-09-03T09:56:53.000Z,0.03
2025-09-03T10:13:24.000Z,0.07
2025-09-03T10:32:18.000Z,0.1
2025-09-03T10:42:17.000Z,0.1
2025-09-03T10:48:26.000Z,0.1
2025-09-03T10:54:41.000Z,0.13
2025-09-03T11:07:46.000Z,0.1
2025-09-03T11:22:06.000Z,0.13
2025-09-03T11:28:23.000Z,0.2
2025-09-03T11:36:05.000Z,0.2
2025-09-03T11:42:17.000Z,0.17
2025-09-03T11:48:32.000Z,0.17
2025-09-03T11:54:37.000Z,0.13
2025-09-03T12:16:38.000Z,0.2
2025-09-03T12:56:13.000Z,0.2
2025-09-03T13:21:36.000Z,0.13
2025-09-03T13:39:09.000Z,0.13
2025-09-03T13:47:05.000Z,0.1
2025-09-03T13:53:16.000Z,0.13
2025-09-03T13:59:27.000Z,0.1
2025-09-03T14:18:55.000Z,0.13
2025-09-03T14:35:01.000Z,0.13
2025-09-03T14:44:55.000Z,0.17
2025-09-03T14:51:10.000Z,0.2
2025-09-03T14:57:16.000Z,0.2
2025-09-03T15:14:48.000Z,0.23
2025-09-03T15:30:51.000Z,0.3
2025-09-03T15:41:01.000Z,0.23
2025-09-03T15:47:08.000Z,0.23
2025-09-03T15:53:21.000Z,0.23
2025-09-03T15:59:41.000Z,0.27
2025-09-03T16:24:05.000Z,0.27
2025-09-03T16:41:34.000Z,0.43
2025-09-03T16:51:27.000Z,0.43
2025-09-03T16:57:41.000Z,0.33
2025-09-03T17:12:44.000Z,0.37
2025-09-03T17:28:02.000Z,0.3
2025-09-03T17:37:19.000Z,0.23
2025-09-03T17:43:33.000Z,0.23
2025-09-03T17:49:44.000Z,0.17
2025-09-03T18:15:31.000Z,0.07
2025-09-03T18:38:05.000Z,0.1
2025-09-03T18:47:16.000Z,0.17
2025-09-03T18:53:28.000Z,0.17
2025-09-03T18:59:37.000Z,0.13
2025-09-03T19:15:13.000Z,0.23
2025-09-03T19:25:08.000Z,0.27
2025-09-03T19:31:59.000Z,0.23
2025-09-03T19:39:23.000Z,0.23
2025-09-03T19:45:37.000Z,0.23
2025-09-03T19:51:53.000Z,0.23
2025-09-03T19:57:59.000Z,0.2
2025-09-03T20:16:25.000Z,0.07
2025-09-03T20:31:32.000Z,0
2025-09-03T20:41:01.000Z,0
2025-09-03T20:47:16.000Z,0.03
2025-09-03T20:53:23.000Z,0.03
2025-09-03T20:59:31.000Z,0.03
2025-09-03T21:16:01.000Z,0.07
2025-09-03T21:27:37.000Z,0.1
2025-09-03T21:34:42.000Z,0.1
2025-09-03T21:40:53.000Z,0.07
2025-09-03T21:47:08.000Z,0.07
2025-09-03T21:53:15.000Z,0.03
2025-09-03T21:59:28.000Z,0.07
2025-09-03T22:17:00.000Z,0.07
2025-09-03T22:30:37.000Z,0.03
2025-09-03T22:39:02.000Z,0.03
2025-09-03T22:45:14.000Z,0.03
2025-09-03T22:51:22.000Z,0.03
2025-09-03T22:57:30.000Z,0.03
2025-09-03T23:12:37.000Z,0
2025-09-03T23:25:12.000Z,0
2025-09-03T23:31:52.000Z,0
2025-09-03T23:38:56.000Z,0
2025-09-03T23:45:07.000Z,0
2025-09-03T23:51:15.000Z,0
2025-09-03T23:57:21.000Z,0
2025-09-04T01:05:50.000Z,0
2025-09-04T02:22:59.000Z,0
2025-09-04T03:05:18.000Z,0
2025-09-04T03:34:00.000Z,0.03
2025-09-04T03:46:31.000Z,0.03
2025-09-04T03:52:39.000Z,0.03
2025-09-04T03:58:54.000Z,0.03
2025-09-04T04:20:05.000Z,0.07
2025-09-04T04:36:21.000Z,0.03
2025-09-04T04:45:28.000Z,0.03
2025-09-04T04:51:45.000Z,0
2025-09-04T04:57:54.000Z,0
2025-09-04T05:14:40.000Z,0.03
2025-09-04T05:30:18.000Z,0.07
2025-09-04T05:39:43.000Z,0.07
2025-09-04T05:45:54.000Z,0.07
2025-09-04T05:52:05.000Z,0.07
2025-09-04T05:58:14.000Z,0.07
2025-09-04T06:23:53.000Z,0.13
2025-09-04T06:44:23.000Z,0.13
2025-09-04T06:52:57.000Z,0.07
2025-09-04T06:59:10.000Z,0.03
2025-09-04T07:17:23.000Z,0.1
2025-09-04T07:29:03.000Z,0.1
2025-09-04T07:36:49.000Z,0.13
2025-09-04T07:43:04.000Z,0.13
2025-09-04T07:49:17.000Z,0.13
2025-09-04T07:55:24.000Z,0.13
2025-09-04T08:13:35.000Z,0.07
2025-09-04T08:35:14.000Z,0.1
2025-09-04T08:48:16.000Z,0.1
2025-09-04T08:55:00.000Z,0.1
2025-09-04T09:10:00.000Z,0.1
2025-09-04T09:28:46.000Z,0.13
2025-09-04T09:38:42.000Z,0.13
2025-09-04T09:44:56.000Z,0.1
2025-09-04T09:51:06.000Z,0.13
2025-09-04T09:57:13.000Z,0.1
2025-09-04T10:14:43.000Z,0.17
2025-09-04T10:32:46.000Z,0.13
2025-09-04T10:42:41.000Z,0.2
2025-09-04T10:48:45.000Z,0.17
2025-09-04T10:54:56.000Z,0.17
2025-09-04T11:07:34.000Z,0.13
2025-09-04T11:22:26.000Z,0.17
2025-09-04T11:28:44.000Z,0.13
2025-09-04T11:35:52.000Z,0.13
2025-09-04T11:42:06.000Z,0.13
2025-09-04T11:48:21.000Z,0.13
2025-09-04T11:54:28.000Z,0.13
2025-09-04T12:16:14.000Z,0.13
2025-09-04T12:54:13.000Z,0.07
2025-09-04T13:17:28.000Z,0.1
2025-09-04T13:37:18.000Z,0.1
2025-09-04T13:45:19.000Z,0.1
2025-09-04T13:51:29.000Z,0.13
2025-09-04T13:57:36.000Z,0.13
2025-09-04T14:14:06.000Z,0.23
2025-09-04T14:32:40.000Z,0.27
2025-09-04T14:44:09.000Z,0.23
2025-09-04T14:50:22.000Z,0.23
2025-09-04T14:56:27.000Z,0.33
2025-09-04T15:12:42.000Z,0.3
2025-09-04T15:29:55.000Z,0.37
2025-09-04T15:41:06.000Z,0.4
2025-09-04T15:47:56.000Z,0.4
2025-09-04T15:54:04.000Z,0.4
2025-09-04T16:00:39.000Z,0.23
2025-09-04T16:27:08.000Z,0.23
2025-09-04T16:43:53.000Z,0.17
2025-09-04T16:52:54.000Z,0.2
2025-09-04T16:59:02.000Z,0.13
2025-09-04T17:15:10.000Z,0.23
2025-09-04T17:28:42.000Z,0.2
2025-09-04T17:37:18.000Z,0.27
2025-09-04T17:43:26.000Z,0.27
2025-09-04T17:49:44.000Z,0.23
2025-09-04T17:55:50.000Z,0.17
2025-09-04T18:15:15.000Z,0.3
2025-09-04T18:39:23.000Z,0.33
2025-09-04T18:50:19.000Z,0.27
2025-09-04T18:56:26.000Z,0.23
2025-09-04T19:09:41.000Z,0.17
2025-09-04T19:21:13.000Z,0.07
2025-09-04T19:27:20.000Z,0.07
2025-09-04T19:35:22.000Z,0.1
2025-09-04T19:41:27.000Z,0.13
2025-09-04T19:47:33.000Z,0.13
2025-09-04T19:53:50.000Z,0.1
2025-09-04T19:59:55.000Z,0.1
2025-09-04T20:21:00.000Z,0.03
2025-09-04T20:32:49.000Z,0.07
2025-09-04T20:41:38.000Z,0.07
2025-09-04T20:47:52.000Z,0.07
2025-09-04T20:53:57.000Z,0.2
2025-09-04T21:00:06.000Z,0.27
2025-09-04T21:17:40.000Z,0.23
2025-09-04T21:28:22.000Z,0.27
2025-09-04T21:35:39.000Z,0.27
2025-09-04T21:41:53.000Z,0.23
2025-09-04T21:48:04.000Z,0.13
2025-09-04T21:54:15.000Z,0.13
2025-09-04T22:07:18.000Z,0.07
2025-09-04T22:26:31.000Z,0.1
2025-09-04T22:36:09.000Z,0.07
2025-09-04T22:42:24.000Z,0.07
2025-09-04T22:48:37.000Z,0.03
2025-09-04T22:54:45.000Z,0.03
2025-09-04T23:08:29.000Z,0.03
2025-09-04T23:23:35.000Z,0.03
2025-09-04T23:29:41.000Z,0.03
2025-09-04T23:37:10.000Z,0.03
2025-09-04T23:43:24.000Z,0.03
2025-09-04T23:49:29.000Z,0
2025-09-04T23:55:43.000Z,0
2025-09-05T00:52:13.000Z,0
2025-09-05T02:14:17.000Z,0
2025-09-05T03:05:49.000Z,0
2025-09-05T03:35:13.000Z,0
2025-09-05T03:48:42.000Z,0
2025-09-05T03:54:52.000Z,0
2025-09-05T04:11:13.000Z,0
2025-09-05T04:31:59.000Z,0
2025-09-05T04:43:27.000Z,0.07
2025-09-05T04:49:34.000Z,0.07
2025-09-05T04:55:49.000Z,0.07
2025-09-05T05:10:55.000Z,0.07
2025-09-05T05:29:25.000Z,0.13
2025-09-05T05:39:08.000Z,0.07
2025-09-05T05:45:18.000Z,0.1
2025-09-05T05:51:26.000Z,0.13
2025-09-05T05:57:32.000Z,0.13
2025-09-05T06:22:00.000Z,0.2
2025-09-05T06:43:58.000Z,0.17
2025-09-05T06:53:17.000Z,0.2
2025-09-05T06:59:21.000Z,0.17
2025-09-05T07:17:43.000Z,0.2
2025-09-05T07:29:13.000Z,0.13
2025-09-05T07:37:22.000Z,0.1
2025-09-05T07:43:36.000Z,0.1
2025-09-05T07:49:45.000Z,0.1
2025-09-05T07:55:53.000Z,0.13
2025-09-05T08:15:20.000Z,0.13
2025-09-05T08:36:44.000Z,0.13
2025-09-05T08:49:09.000Z,0.1
2025-09-05T08:55:34.000Z,0.07
2025-09-05T09:11:14.000Z,0.03
2025-09-05T09:29:04.000Z,0.03
2025-09-05T09:38:56.000Z,0.07
2025-09-05T09:45:09.000Z,0.03
2025-09-05T09:51:17.000Z,0.03
2025-09-05T09:57:26.000Z,0.03
2025-09-05T10:15:00.000Z,0
2025-09-05T10:33:32.000Z,0
2025-09-05T10:43:11.000Z,0.03
2025-09-05T10:49:21.000Z,0.03
2025-09-05T10:55:27.000Z,0.03
2025-09-05T11:08:35.000Z,0.13
2025-09-05T11:22:41.000Z,0.23
2025-09-05T11:28:54.000Z,0.23
2025-09-05T11:36:53.000Z,0.17
2025-09-05T11:43:00.000Z,0.2
2025-09-05T11:49:17.000Z,0.23
2025-09-05T11:55:26.000Z,0.2
2025-09-05T12:19:26.000Z,0.2
2025-09-05T12:56:57.000Z,0.2
2025-09-05T13:21:35.000Z,0.2
2025-09-05T13:38:48.000Z,0.2
2025-09-05T13:46:05.000Z,0.2
2025-09-05T13:52:17.000Z,0.2
2025-09-05T13:58:24.000Z,0.23
2025-09-05T14:14:56.000Z,0.33
2025-09-05T14:31:23.000Z,0.37
2025-09-05T14:42:11.000Z,0.33
2025-09-05T14:48:27.000Z,0.43
2025-09-05T14:54:34.000Z,0.4
2025-09-05T15:08:48.000Z,0.47
2025-09-05T15:27:39.000Z,0.3
2025-09-05T15:36:14.000Z,0.3
2025-09-05T15:42:25.000Z,0.3
2025-09-05T15:48:40.000Z,0.37
2025-09-05T15:54:51.000Z,0.3
2025-09-05T16:10:45.000Z,0.2
2025-09-05T16:32:17.000Z,0.23
2025-09-05T16:44:28.000Z,0.17
2025-09-05T16:51:15.000Z,0.17
2025-09-05T16:57:25.000Z,0.2
2025-09-05T17:12:20.000Z,0.2
2025-09-05T17:27:57.000Z,0.23
2025-09-05T17:37:05.000Z,0.2
2025-09-05T17:43:17.000Z,0.2
2025-09-05T17:49:28.000Z,0.2
2025-09-05T17:55:41.000Z,0.23
2025-09-05T18:14:25.000Z,0.23
2025-09-05T18:37:00.000Z,0.33
2025-09-05T18:47:12.000Z,0.27
2025-09-05T18:53:40.000Z,0.27
2025-09-05T18:59:52.000Z,0.27
2025-09-05T19:15:18.000Z,0.2
2025-09-05T19:24:59.000Z,0.13
2025-09-05T19:31:35.000Z,0.17
2025-09-05T19:39:11.000Z,0.1
2025-09-05T19:45:21.000Z,0.1
2025-09-05T19:51:35.000Z,0.1
2025-09-05T19:57:45.000Z,0.03
2025-09-05T20:16:18.000Z,0.07
2025-09-05T20:31:30.000Z,0.07
2025-09-05T20:41:23.000Z,0.1
2025-09-05T20:47:34.000Z,0.1
2025-09-05T20:53:44.000Z,0.1
2025-09-05T20:59:51.000Z,0.1
2025-09-05T21:17:01.000Z,0.17
2025-09-05T21:27:38.000Z,0.1
2025-09-05T21:35:07.000Z,0.13
2025-09-05T21:41:21.000Z,0.13
2025-09-05T21:47:34.000Z,0.13
2025-09-05T21:53:49.000Z,0.13
2025-09-05T21:59:57.000Z,0.13
2025-09-05T22:17:53.000Z,0.03
2025-09-05T22:31:38.000Z,0
2025-09-05T22:40:03.000Z,0
2025-09-05T22:46:08.000Z,0
2025-09-05T22:52:17.000Z,0
2025-09-05T22:58:24.000Z,0
2025-09-05T23:14:48.000Z,0
2025-09-05T23:26:31.000Z,0
2025-09-05T23:33:34.000Z,0
2025-09-05T23:40:27.000Z,0
2025-09-05T23:46:41.000Z,0
2025-09-05T23:52:52.000Z,0
2025-09-05T23:59:07.000Z,0
2025-09-06T01:20:32.000Z,0
2025-09-06T02:33:27.000Z,0
2025-09-06T03:07:08.000Z,0
2025-09-06T03:33:08.000Z,0
2025-09-06T03:44:43.000Z,0
2025-09-06T03:50:52.000Z,0
2025-09-06T03:57:05.000Z,0
2025-09-06T04:15:30.000Z,0
2025-09-06T04:32:48.000Z,0
2025-09-06T04:41:57.000Z,0
2025-09-06T04:48:11.000Z,0
2025-09-06T04:54:32.000Z,0
2025-09-06T05:07:24.000Z,0
2025-09-06T05:25:53.000Z,0.03
2025-09-06T05:35:41.000Z,0.03
2025-09-06T05:41:57.000Z,0.03
2025-09-06T05:48:08.000Z,0.03
2025-09-06T05:54:25.000Z,0.1
2025-09-06T06:10:06.000Z,0.1
2025-09-06T06:34:47.000Z,0.13
2025-09-06T06:45:48.000Z,0.1
2025-09-06T06:51:55.000Z,0.17
2025-09-06T06:58:03.000Z,0.13
2025-09-06T07:13:08.000Z,0.23
2025-09-06T07:24:36.000Z,0.2
2025-09-06T07:30:52.000Z,0.2
2025-09-06T07:38:07.000Z,0.23
2025-09-06T07:44:15.000Z,0.27
2025-09-06T07:50:22.000Z,0.23
2025-09-06T07:56:28.000Z,0.33
2025-09-06T08:14:07.000Z,0.17
2025-09-06T08:31:29.000Z,0.13
2025-09-06T08:41:52.000Z,0.13
2025-09-06T08:48:08.000Z,0.1
2025-09-06T08:54:12.000Z,0.1
2025-09-06T09:06:55.000Z,0.1
2025-09-06T09:23:33.000Z,0.17
2025-09-06T09:29:40.000Z,0.17
2025-09-06T09:36:38.000Z,0.17
2025-09-06T09:42:48.000Z,0.17
2025-09-06T09:48:59.000Z,0.23
2025-09-06T09:55:05.000Z,0.27
2025-09-06T10:08:19.000Z,0.47
2025-09-06T10:27:08.000Z,0.43
2025-09-06T10:35:43.000Z,0.43
2025-09-06T10:41:58.000Z,0.4
2025-09-06T10:48:09.000Z,0.4
2025-09-06T10:54:16.000Z,0.4
2025-09-06T11:00:24.000Z,0.4
2025-09-06T11:14:49.000Z,0.17
2025-09-06T11:23:03.000Z,0.17
2025-09-06T11:29:10.000Z,0.17
2025-09-06T11:36:37.000Z,0.2
2025-09-06T11:42:54.000Z,0.2
2025-09-06T11:49:01.000Z,0.2
2025-09-06T11:55:11.000Z,0.2
2025-09-06T12:16:09.000Z,0.1
2025-09-06T12:49:50.000Z,0.07
2025-09-06T13:09:25.000Z,0.07
2025-09-06T13:26:43.000Z,0.07
2025-09-06T13:33:48.000Z,0.07
2025-09-06T13:39:55.000Z,0.07
2025-09-06T13:46:05.000Z,0.07
2025-09-06T13:52:15.000Z,0.07
2025-09-06T13:58:20.000Z,0.07
2025-09-06T14:13:16.000Z,0.1
2025-09-06T14:27:10.000Z,0.1
2025-09-06T14:35:08.000Z,0.13
2025-09-06T14:41:16.000Z,0.13
2025-09-06T14:47:25.000Z,0.13
2025-09-06T14:53:38.000Z,0.07
2025-09-06T14:59:44.000Z,0.07
2025-09-06T15:16:22.000Z,0
2025-09-06T15:27:28.000Z,0
2025-09-06T15:34:44.000Z,0
2025-09-06T15:40:52.000Z,0.03
2025-09-06T15:46:59.000Z,0.03
2025-09-06T15:53:24.000Z,0.03
2025-09-06T15:59:36.000Z,0.07
2025-09-06T16:20:38.000Z,0.07
2025-09-06T16:35:25.000Z,0.07
2025-09-06T16:43:35.000Z,0.1
2025-09-06T16:49:47.000Z,0.13
2025-09-06T16:56:08.000Z,0.1
2025-09-06T17:08:12.000Z,0.1
2025-09-06T17:22:33.000Z,0.17
2025-09-06T17:29:45.000Z,0.17
2025-09-06T17:36:32.000Z,0.17
2025-09-06T17:42:41.000Z,0.2
2025-09-06T17:48:49.000Z,0.2
2025-09-06T17:54:58.000Z,0.2
2025-09-06T18:10:50.000Z,0.13
2025-09-06T18:33:30.000Z,0.2
2025-09-06T18:43:52.000Z,0.17
2025-09-06T18:50:03.000Z,0.2
2025-09-06T18:56:13.000Z,0.23
2025-09-06T19:07:54.000Z,0.27
2025-09-06T19:19:00.000Z,0.27
2025-09-06T19:25:08.000Z,0.23
2025-09-06T19:31:38.000Z,0.17
2025-09-06T19:38:12.000Z,0.1
2025-09-06T19:44:19.000Z,0.1
2025-09-06T19:50:28.000Z,0.07
2025-09-06T19:56:42.000Z,0.07
2025-09-06T20:12:06.000Z,0.03
2025-09-06T20:27:06.000Z,0.07
2025-09-06T20:34:30.000Z,0.1
2025-09-06T20:40:37.000Z,0.1
2025-09-06T20:46:53.000Z,0.1
2025-09-06T20:53:02.000Z,0.1
2025-09-06T20:59:10.000Z,0.1
2025-09-06T21:14:13.000Z,0
2025-09-06T21:24:28.000Z,0
2025-09-06T21:30:47.000Z,0
2025-09-06T21:37:55.000Z,0.1
2025-09-06T21:44:06.000Z,0.1
2025-09-06T21:50:12.000Z,0.1
2025-09-06T21:56:18.000Z,0.1
2025-09-06T22:10:18.000Z,0.1
2025-09-06T22:26:33.000Z,0.1
2025-09-06T22:35:15.000Z,0.1
2025-09-06T22:41:31.000Z,0.1
2025-09-06T22:47:42.000Z,0
2025-09-06T22:53:50.000Z,0
2025-09-06T23:00:00.000Z,0
2025-09-06T23:16:30.000Z,0
2025-09-06T23:26:21.000Z,0
2025-09-06T23:33:48.000Z,0
2025-09-06T23:39:57.000Z,0
2025-09-06T23:46:09.000Z,0
2025-09-06T23:52:20.000Z,0
2025-09-06T23:58:29.000Z,0
2025-09-07T01:22:50.000Z,0
2025-09-07T02:42:08.000Z,0
2025-09-07T03:23:29.000Z,0
2025-09-07T03:43:35.000Z,0
2025-09-07T03:51:42.000Z,0
2025-09-07T03:57:50.000Z,0
2025-09-07T04:17:42.000Z,0
2025-09-07T04:34:05.000Z,0
2025-09-07T04:43:07.000Z,0
2025-09-07T04:49:21.000Z,0
2025-09-07T04:55:22.000Z,0
2025-09-07T05:09:24.000Z,0
2025-09-07T05:26:49.000Z,0
2025-09-07T05:36:08.000Z,0
2025-09-07T05:42:15.000Z,0.03
2025-09-07T05:48:24.000Z,0.03
2025-09-07T05:54:34.000Z,0.1
2025-09-07T06:11:00.000Z,0.1
2025-09-07T06:35:23.000Z,0.07
2025-09-07T06:46:35.000Z,0.03
2025-09-07T06:52:46.000Z,0
2025-09-07T06:58:51.000Z,0
2025-09-07T07:14:44.000Z,0.03
2025-09-07T07:25:26.000Z,0.13
2025-09-07T07:32:21.000Z,0.17
2025-09-07T07:38:55.000Z,0.17
2025-09-07T07:45:15.000Z,0.3
2025-09-07T07:51:18.000Z,0.27
2025-09-07T07:57:27.000Z,0.27
2025-09-07T08:16:19.000Z,0.4
2025-09-07T08:32:26.000Z,0.37
2025-09-07T08:41:59.000Z,0.3
2025-09-07T08:48:08.000Z,0.33
2025-09-07T08:54:19.000Z,0.33
2025-09-07T09:07:13.000Z,0.23
2025-09-07T09:23:43.000Z,0.13
2025-09-07T09:29:52.000Z,0.13
2025-09-07T09:36:56.000Z,0.17
2025-09-07T09:43:04.000Z,0.17
2025-09-07T09:49:09.000Z,0.17
2025-09-07T09:55:18.000Z,0.2
2025-09-07T10:09:14.000Z,0.2
2025-09-07T10:27:39.000Z,0.23
2025-09-07T10:36:53.000Z,0.27
2025-09-07T10:42:59.000Z,0.27
2025-09-07T10:49:09.000Z,0.23
2025-09-07T10:55:20.000Z,0.27
2025-09-07T11:07:06.000Z,0.27
2025-09-07T11:19:24.000Z,0.27
2025-09-07T11:25:53.000Z,0.27
2025-09-07T11:33:01.000Z,0.3
2025-09-07T11:39:14.000Z,0.3
2025-09-07T11:45:25.000Z,0.3
2025-09-07T11:51:33.000Z,0.3
2025-09-07T11:57:45.000Z,0.2
2025-09-07T12:27:46.000Z,0.27
2025-09-07T12:55:50.000Z,0.17
2025-09-07T13:15:27.000Z,0.1
2025-09-07T13:29:47.000Z,0.03
2025-09-07T13:37:09.000Z,0
2025-09-07T13:43:19.000Z,0
2025-09-07T13:49:27.000Z,0
2025-09-07T13:55:39.000Z,0.03
2025-09-07T14:08:15.000Z,0.1
2025-09-07T14:24:23.000Z,0.1
2025-09-07T14:31:50.000Z,0.1
2025-09-07T14:38:52.000Z,0.1
2025-09-07T14:44:57.000Z,0.1
2025-09-07T14:51:03.000Z,0.1
2025-09-07T14:57:14.000Z,0.13
2025-09-07T15:12:18.000Z,0.07
2025-09-07T15:25:42.000Z,0.1
2025-09-07T15:32:50.000Z,0.1
2025-09-07T15:39:16.000Z,0.13
2025-09-07T15:45:25.000Z,0.1
2025-09-07T15:51:40.000Z,0.1
2025-09-07T15:57:47.000Z,0.1
2025-09-07T16:16:15.000Z,0.17
2025-09-07T16:33:17.000Z,0.2
2025-09-07T16:42:41.000Z,0.17
2025-09-07T16:48:56.000Z,0.17
2025-09-07T16:55:13.000Z,0.17
2025-09-07T17:07:06.000Z,0.17
2025-09-07T17:22:34.000Z,0.07
2025-09-07T17:29:51.000Z,0.03
2025-09-07T17:36:51.000Z,0.07
2025-09-07T17:43:01.000Z,0.13
2025-09-07T17:49:05.000Z,0.13
2025-09-07T17:55:14.000Z,0.13
2025-09-07T18:11:59.000Z,0.2
2025-09-07T18:33:55.000Z,0.17
2025-09-07T18:44:24.000Z,0.1
2025-09-07T18:50:31.000Z,0.1
2025-09-07T18:56:41.000Z,0.1
2025-09-07T19:08:59.000Z,0.1
2025-09-07T19:19:22.000Z,0.07
2025-09-07T19:25:29.000Z,0.07
2025-09-07T19:32:35.000Z,0.07
2025-09-07T19:38:55.000Z,0.07
2025-09-07T19:45:13.000Z,0.07
2025-09-07T19:51:24.000Z,0.1
2025-09-07T19:57:31.000Z,0.1
2025-09-07T20:14:19.000Z,0.03
2025-09-07T20:28:05.000Z,0.03
2025-09-07T20:36:02.000Z,0.07
2025-09-07T20:42:06.000Z,0.07
2025-09-07T20:48:16.000Z,0.1
2025-09-07T20:54:30.000Z,0.1
2025-09-07T21:05:01.000Z,0.1
2025-09-07T21:20:37.000Z,0.2
2025-09-07T21:27:41.000Z,0.17
2025-09-07T21:34:58.000Z,0.17
2025-09-07T21:41:05.000Z,0.1
2025-09-07T21:47:18.000Z,0.27
2025-09-07T21:53:29.000Z,0.2
2025-09-07T21:59:39.000Z,0.2
2025-09-07T22:16:44.000Z,0.17
2025-09-07T22:29:54.000Z,0.07
2025-09-07T22:38:17.000Z,0.07
2025-09-07T22:44:25.000Z,0.07
2025-09-07T22:50:32.000Z,0.07
2025-09-07T22:56:38.000Z,0.07
2025-09-07T23:10:32.000Z,0.07
2025-09-07T23:23:54.000Z,0.07
2025-09-07T23:30:05.000Z,0.1
2025-09-07T23:37:29.000Z,0.1
2025-09-07T23:43:39.000Z,0.07
2025-09-07T23:49:46.000Z,0.1
2025-09-07T23:55:57.000Z,0.07
2025-09-08T00:57:58.000Z,0.03
2025-09-08T02:25:55.000Z,0
2025-09-08T03:25:40.000Z,0
2025-09-08T03:49:12.000Z,0
2025-09-08T03:57:47.000Z,0
2025-09-08T04:18:47.000Z,0
2025-09-08T04:38:09.000Z,0
2025-09-08T04:47:37.000Z,0
2025-09-08T04:53:50.000Z,0
2025-09-08T05:00:05.000Z,0
2025-09-08T05:19:46.000Z,0.03
2025-09-08T05:34:02.000Z,0.03
2025-09-08T05:42:54.000Z,0.03
2025-09-08T05:49:02.000Z,0.03
2025-09-08T05:55:14.000Z,0.03
2025-09-08T06:16:29.000Z,0.07
2025-09-08T06:44:35.000Z,0.07
2025-09-08T06:55:20.000Z,0.03
2025-09-08T07:10:53.000Z,0.03
2025-09-08T07:27:20.000Z,0.03
2025-09-08T07:36:21.000Z,0.07
2025-09-08T07:42:59.000Z,0.07
2025-09-08T07:49:11.000Z,0.07
2025-09-08T07:55:19.000Z,0.07
2025-09-08T08:14:56.000Z,0.07
2025-09-08T08:41:03.000Z,0.03
2025-09-08T08:53:36.000Z,0.07
2025-09-08T08:59:44.000Z,0.07
2025-09-08T09:23:35.000Z,0.13
2025-09-08T09:37:58.000Z,0.17
2025-09-08T09:46:45.000Z,0.17
2025-09-08T09:52:56.000Z,0.2
2025-09-08T09:59:06.000Z,0.2
2025-09-08T10:20:02.000Z,0.17
2025-09-08T10:39:00.000Z,0.17
2025-09-08T10:48:11.000Z,0.13
2025-09-08T10:54:22.000Z,0.13
2025-09-08T11:06:43.000Z,0.07
2025-09-08T11:22:20.000Z,0.1
2025-09-08T11:28:56.000Z,0.1
2025-09-08T11:36:53.000Z,0.1
2025-09-08T11:43:11.000Z,0.07
2025-09-08T11:49:21.000Z,0.07
2025-09-08T11:55:29.000Z,0.07
2025-09-08T12:21:58.000Z,0.17
2025-09-08T13:01:23.000Z,0.27
2025-09-08T13:33:11.000Z,0.3
2025-09-08T13:47:08.000Z,0.33
2025-09-08T13:53:14.000Z,0.3
2025-09-08T13:59:25.000Z,0.3
2025-09-08T14:19:22.000Z,0.33
2025-09-08T14:38:46.000Z,0.37
2025-09-08T14:48:33.000Z,0.43
2025-09-08T14:54:50.000Z,0.5
2025-09-08T15:07:51.000Z,0.43
2025-09-08T15:28:39.000Z,0.37
2025-09-08T15:39:59.000Z,0.33
2025-09-08T15:47:00.000Z,0.37
2025-09-08T15:53:10.000Z,0.4
2025-09-08T15:59:16.000Z,0.37
2025-09-08T16:22:33.000Z,0.4
2025-09-08T16:41:39.000Z,0.3
2025-09-08T16:51:51.000Z,0.33
2025-09-08T16:58:01.000Z,0.33
2025-09-08T17:13:41.000Z,0.27
2025-09-08T17:29:17.000Z,0.3
2025-09-08T17:38:58.000Z,0.27
2025-09-08T17:45:13.000Z,0.3
2025-09-08T17:51:25.000Z,0.3
2025-09-08T17:57:36.000Z,0.3
2025-09-08T18:21:48.000Z,0.43
2025-09-08T18:42:46.000Z,0.5
2025-09-08T18:51:51.000Z,0.43
2025-09-08T18:58:04.000Z,0.43
2025-09-08T19:12:48.000Z,0.2
2025-09-08T19:23:32.000Z,0.13
2025-09-08T19:29:49.000Z,0.13
2025-09-08T19:37:39.000Z,0.13
2025-09-08T19:43:50.000Z,0.17
2025-09-08T19:49:57.000Z,0.23
2025-09-08T19:56:10.000Z,0.23
2025-09-08T20:13:08.000Z,0.23
2025-09-08T20:31:02.000Z,0.13
2025-09-08T20:41:33.000Z,0.03
2025-09-08T20:48:34.000Z,0.03
2025-09-08T20:54:42.000Z,0.1
2025-09-08T21:07:42.000Z,0.1
2025-09-08T21:24:03.000Z,0.1
2025-09-08T21:30:55.000Z,0.03
2025-09-08T21:38:34.000Z,0.03
2025-09-08T21:44:50.000Z,0.03
2025-09-08T21:50:58.000Z,0.03
2025-09-08T21:57:06.000Z,0.03
2025-09-08T22:13:11.000Z,0
2025-09-08T22:30:06.000Z,0
2025-09-08T22:39:44.000Z,0
2025-09-08T22:45:55.000Z,0
2025-09-08T22:52:07.000Z,0
2025-09-08T22:58:14.000Z,0
2025-09-08T23:14:57.000Z,0.03
2025-09-08T23:27:47.000Z,0.07
2025-09-08T23:35:22.000Z,0.07
2025-09-08T23:41:40.000Z,0.07
2025-09-08T23:47:56.000Z,0.07
2025-09-08T23:54:07.000Z,0.07
2025-09-09T00:37:28.000Z,0.07
2025-09-09T02:12:15.000Z,0
2025-09-09T03:07:43.000Z,0
2025-09-09T03:37:37.000Z,0
2025-09-09T03:51:03.000Z,0
2025-09-09T03:57:18.000Z,0
2025-09-09T04:16:59.000Z,0
2025-09-09T04:35:31.000Z,0
2025-09-09T04:45:26.000Z,0
2025-09-09T04:51:41.000Z,0
2025-09-09T04:57:54.000Z,0
2025-09-09T05:15:10.000Z,0
2025-09-09T05:30:54.000Z,0
2025-09-09T05:40:52.000Z,0
2025-09-09T05:47:04.000Z,0
2025-09-09T05:53:11.000Z,0
2025-09-09T05:59:19.000Z,0
2025-09-09T06:29:13.000Z,0
2025-09-09T06:48:39.000Z,0
2025-09-09T06:56:20.000Z,0
2025-09-09T07:12:27.000Z,0
2025-09-09T07:28:21.000Z,0
2025-09-09T07:37:28.000Z,0
2025-09-09T07:43:33.000Z,0
2025-09-09T07:49:38.000Z,0
2025-09-09T07:55:48.000Z,0
2025-09-09T08:16:21.000Z,0
2025-09-09T08:40:26.000Z,0
2025-09-09T08:52:25.000Z,0
2025-09-09T08:58:31.000Z,0
2025-09-09T09:18:31.000Z,0
2025-09-09T09:33:31.000Z,0
2025-09-09T09:43:25.000Z,0
2025-09-09T09:49:35.000Z,0
2025-09-09T09:55:45.000Z,0
2025-09-09T10:11:55.000Z,0
2025-09-09T10:33:22.000Z,0
2025-09-09T10:44:33.000Z,0
2025-09-09T10:50:59.000Z,0
2025-09-09T10:57:09.000Z,0
2025-09-09T11:12:25.000Z,0
2025-09-09T11:25:16.000Z,0
2025-09-09T11:32:44.000Z,0
2025-09-09T11:40:34.000Z,0
2025-09-09T11:46:49.000Z,0
2025-09-09T11:53:12.000Z,0
2025-09-09T11:59:14.000Z,0
2025-09-09T12:40:32.000Z,0
2025-09-09T13:17:35.000Z,0
2025-09-09T13:43:14.000Z,0
2025-09-09T13:53:05.000Z,0
2025-09-09T13:59:19.000Z,0
2025-09-09T14:17:00.000Z,0
2025-09-09T14:33:47.000Z,0
2025-09-09T14:45:03.000Z,0
2025-09-09T14:51:15.000Z,0
2025-09-09T14:57:28.000Z,0
2025-09-09T15:16:07.000Z,0
2025-09-09T15:32:53.000Z,0
2025-09-09T15:43:44.000Z,0
2025-09-09T15:50:44.000Z,0
2025-09-09T15:56:53.000Z,0
2025-09-09T16:17:06.000Z,0
2025-09-09T16:39:52.000Z,0
2025-09-09T16:51:36.000Z,0
2025-09-09T16:57:49.000Z,0
2025-09-09T17:12:49.000Z,0
2025-09-09T17:28:04.000Z,0
2025-09-09T17:36:00.000Z,0
2025-09-09T17:42:09.000Z,0
2025-09-09T17:48:35.000Z,0
2025-09-09T17:54:47.000Z,0
2025-09-09T18:11:07.000Z,0
2025-09-09T18:34:57.000Z,0
2025-09-09T18:46:15.000Z,0
2025-09-09T18:52:21.000Z,0
2025-09-09T18:58:28.000Z,0
2025-09-09T19:12:55.000Z,0
2025-09-09T19:23:08.000Z,0
2025-09-09T19:29:24.000Z,0
2025-09-09T19:36:41.000Z,0
2025-09-09T19:42:51.000Z,0
2025-09-09T19:48:58.000Z,0
2025-09-09T19:55:12.000Z,0
2025-09-09T20:10:20.000Z,0
2025-09-09T20:28:55.000Z,0
2025-09-09T20:38:26.000Z,0
2025-09-09T20:44:52.000Z,0
2025-09-09T20:50:57.000Z,0
2025-09-09T20:57:01.000Z,0
2025-09-09T21:11:41.000Z,0
2025-09-09T21:25:10.000Z,0
2025-09-09T21:31:47.000Z,0
2025-09-09T21:38:46.000Z,0
2025-09-09T21:44:55.000Z,0
2025-09-09T21:51:07.000Z,0
2025-09-09T21:57:16.000Z,0
2025-09-09T22:11:41.000Z,0
2025-09-09T22:28:20.000Z,0
2025-09-09T22:37:21.000Z,0
2025-09-09T22:43:20.000Z,0
2025-09-09T22:49:29.000Z,0
2025-09-09T22:55:35.000Z,0
2025-09-09T23:09:22.000Z,0
2025-09-09T23:23:34.000Z,0
2025-09-09T23:29:51.000Z,0
2025-09-09T23:37:30.000Z,0
2025-09-09T23:43:40.000Z,0
2025-09-09T23:49:51.000Z,0
2025-09-09T23:55:59.000Z,0
2025-09-10T00:54:02.000Z,0
2025-09-10T02:11:13.000Z,0
2025-09-10T03:01:40.000Z,0
2025-09-10T03:29:46.000Z,0
2025-09-10T03:44:32.000Z,0
2025-09-10T03:50:39.000Z,0
2025-09-10T03:56:52.000Z,0
2025-09-10T04:15:01.000Z,0
2025-09-10T04:32:27.000Z,0
2025-09-10T04:41:52.000Z,0
2025-09-10T04:48:01.000Z,0
2025-09-10T04:54:13.000Z,0
2025-09-10T05:07:58.000Z,0
2025-09-10T05:27:28.000Z,0
2025-09-10T05:37:32.000Z,0
2025-09-10T05:43:38.000Z,0
2025-09-10T05:49:49.000Z,0
2025-09-10T05:55:54.000Z,0
2025-09-10T06:17:01.000Z,0
2025-09-10T06:42:31.000Z,0
2025-09-10T06:52:01.000Z,0
2025-09-10T06:58:15.000Z,0
2025-09-10T07:15:29.000Z,0
