2026-07-01T01:53:27.000Z,
2026-07-01T06:12:16.000Z,
2026-07-01T10:11:13.000Z,
2026-07-01T12:45:22.000Z,
2026-07-01T15:28:38.000Z,
2026-07-01T17:27:12.000Z,
2026-07-01T19:15:42.000Z,
2026-07-01T20:54:58.000Z,
2026-07-01T22:09:35.000Z,
2026-07-01T23:39:40.000Z,
2026-07-02T01:34:55.000Z,
2026-07-02T05:38:09.000Z,
2026-07-02T08:30:26.000Z,
2026-07-02T11:08:02.000Z,
2026-07-02T13:03:28.000Z,
2026-07-02T15:23:35.000Z,
2026-07-02T17:04:55.000Z,
2026-07-02T18:41:56.000Z,
2026-07-02T20:06:08.000Z,
2026-07-02T21:19:24.000Z,
2026-07-02T22:29:16.000Z,
2026-07-02T23:36:46.000Z,
2026-07-03T01:12:57.000Z,
2026-07-03T04:55:19.000Z,
2026-07-03T07:54:09.000Z,
2026-07-03T10:21:54.000Z,
2026-07-03T12:21:17.000Z,
2026-07-03T14:34:06.000Z,
2026-07-03T16:07:53.000Z,
2026-07-03T17:42:52.000Z,
2026-07-03T18:49:25.000Z,
2026-07-03T20:04:28.000Z,
2026-07-03T21:17:51.000Z,
2026-07-03T22:17:00.000Z,
2026-07-03T23:27:51.000Z,
2026-07-04T01:06:44.000Z,
2026-07-04T04:45:39.000Z,
2026-07-04T07:29:09.000Z,
2026-07-04T09:35:19.000Z,
2026-07-04T11:07:25.000Z,
2026-07-04T12:13:48.000Z,
2026-07-04T13:56:56.000Z,
2026-07-04T15:00:12.000Z,
2026-07-04T16:04:41.000Z,
2026-07-04T17:15:22.000Z,
2026-07-04T18:12:55.000Z,
2026-07-04T19:35:06.000Z,
2026-07-04T20:31:02.000Z,
2026-07-04T21:28:28.000Z,
2026-07-04T22:26:15.000Z,
2026-07-04T23:28:22.000Z,
2026-07-05T01:13:40.000Z,
2026-07-05T05:07:19.000Z,
2026-07-05T08:09:53.000Z,
2026-07-05T10:24:53.000Z,
2026-07-05T11:50:31.000Z,
2026-07-05T12:56:54.000Z,
2026-07-05T14:26:19.000Z,
2026-07-05T15:43:42.000Z,
2026-07-05T16:43:15.000Z,
2026-07-05T17:44:04.000Z,
2026-07-05T18:44:58.000Z,
2026-07-05T19:57:58.000Z,
2026-07-05T20:56:03.000Z,
2026-07-05T21:53:00.000Z,
2026-07-05T22:43:37.000Z,
2026-07-05T23:43:38.000Z,
2026-07-06T01:22:50.000Z,
2026-07-06T05:40:26.000Z,
2026-07-06T09:39:49.000Z,
2026-07-06T13:06:30.000Z,
2026-07-06T16:26:59.000Z,
2026-07-06T18:23:59.000Z,
2026-07-06T20:17:50.000Z,
2026-07-06T21:48:52.000Z,
2026-07-06T22:48:57.000Z,
2026-07-06T23:48:39.000Z,
2026-07-07T01:26:12.000Z,
2026-07-07T05:27:49.000Z,
2026-07-07T08:47:55.000Z,
2026-07-07T11:31:36.000Z,
2026-07-07T13:36:23.000Z,
2026-07-07T16:05:37.000Z,
2026-07-07T18:09:53.000Z,
2026-07-07T20:09:59.000Z,
2026-07-07T21:37:59.000Z,
2026-07-07T22:40:43.000Z,
2026-07-07T23:34:04.000Z,
2026-07-08T01:03:53.000Z,
2026-07-08T04:22:10.000Z,
2026-07-08T06:41:14.000Z,
2026-07-08T09:11:24.000Z,
2026-07-08T11:14:33.000Z,
2026-07-08T12:51:01.000Z,
2026-07-08T15:01:19.000Z,
2026-07-08T16:43:08.000Z,
2026-07-08T18:05:11.000Z,
2026-07-08T19:48:00.000Z,
2026-07-08T20:47:05.000Z,
2026-07-08T21:49:10.000Z,
2026-07-08T22:46:06.000Z,
2026-07-08T23:46:50.000Z,
2026-07-09T01:18:20.000Z,
2026-07-09T05:08:48.000Z,
2026-07-09T08:38:24.000Z,
2026-07-09T11:30:12.000Z,
2026-07-09T14:04:40.000Z,
2026-07-09T16:32:39.000Z,
2026-07-09T18:18:36.000Z,
2026-07-09T20:07:53.000Z,
2026-07-09T21:38:56.000Z,
2026-07-09T22:52:13.000Z,
2026-07-09T23:53:54.000Z,
2026-07-10T01:18:59.000Z,
2026-07-10T05:10:20.000Z,
2026-07-10T08:35:54.000Z,
2026-07-10T11:28:07.000Z,
2026-07-10T13:25:13.000Z,
2026-07-10T15:42:15.000Z,
2026-07-10T17:25:34.000Z,
2026-07-10T18:54:12.000Z,
2026-07-10T20:09:09.000Z,
2026-07-10T21:16:46.000Z,
2026-07-10T22:17:23.000Z,
2026-07-10T23:14:24.000Z,
2026-07-11T00:08:54.000Z,
2026-07-11T03:36:08.000Z,
2026-07-11T05:58:16.000Z,
2026-07-11T07:50:57.000Z,
2026-07-11T09:10:39.000Z,
2026-07-11T10:31:56.000Z,
2026-07-11T11:31:42.000Z,
2026-07-11T12:30:52.000Z,
2026-07-11T14:00:40.000Z,
2026-07-11T14:57:48.000Z,
2026-07-11T15:51:44.000Z,
2026-07-11T16:37:04.000Z,
2026-07-11T17:36:15.000Z,
2026-07-11T18:30:01.000Z,
2026-07-11T19:41:19.000Z,
2026-07-11T20:27:03.000Z,
2026-07-11T21:12:27.000Z,
2026-07-11T22:06:04.000Z,
2026-07-11T23:02:53.000Z,
2026-07-12T00:02:36.000Z,
2026-07-12T03:43:22.000Z,
2026-07-12T06:19:02.000Z,
2026-07-12T08:32:27.000Z,
2026-07-12T10:08:27.000Z,
2026-07-12T11:21:25.000Z,
2026-07-12T12:09:05.000Z,
2026-07-12T13:50:48.000Z,
2026-07-12T14:43:21.000Z,
2026-07-12T15:40:25.000Z,
2026-07-12T16:32:02.000Z,
2026-07-12T17:33:55.000Z,
2026-07-12T18:29:49.000Z,
2026-07-12T19:38:32.000Z,
2026-07-12T20:23:36.000Z,
2026-07-12T21:09:22.000Z,
2026-07-12T22:03:39.000Z,
2026-07-12T22:58:55.000Z,
2026-07-12T23:53:02.000Z,
2026-07-13T01:14:56.000Z,
2026-07-13T04:46:28.000Z,
2026-07-13T07:54:42.000Z,
2026-07-13T10:46:24.000Z,
2026-07-13T13:05:46.000Z,
2026-07-13T15:47:27.000Z,
2026-07-13T17:42:36.000Z,
2026-07-13T19:02:40.000Z,
2026-07-13T20:20:10.000Z,
2026-07-13T21:14:39.000Z,
2026-07-13T22:09:31.000Z,
2026-07-13T23:08:57.000Z,
2026-07-14T00:02:17.000Z,
2026-07-14T03:19:19.000Z,
2026-07-14T05:41:22.000Z,
2026-07-14T07:26:43.000Z,
2026-07-14T09:21:28.000Z,
2026-07-14T10:57:43.000Z,
2026-07-14T12:07:03.000Z,
2026-07-14T14:07:27.000Z,
2026-07-14T15:39:33.000Z,
2026-07-14T16:48:35.000Z,
2026-07-14T17:49:41.000Z,
2026-07-14T18:50:51.000Z,
2026-07-14T19:59:25.000Z,
2026-07-14T20:59:59.000Z,
2026-07-14T21:59:02.000Z,
2026-07-14T22:55:35.000Z,
2026-07-14T23:41:34.000Z,
2026-07-15T00:58:44.000Z,
2026-07-15T03:56:06.000Z,
2026-07-15T06:07:31.000Z,
2026-07-15T08:31:21.000Z,
2026-07-15T10:21:25.000Z,
2026-07-15T11:52:27.000Z,
2026-07-15T12:59:08.000Z,
2026-07-15T14:49:16.000Z,
2026-07-15T16:09:04.000Z,
2026-07-15T17:34:40.000Z,
2026-07-15T18:40:32.000Z,
2026-07-15T19:48:40.000Z,
2026-07-15T20:43:51.000Z,
2026-07-15T21:38:06.000Z,
2026-07-15T22:35:41.000Z,
2026-07-15T23:34:22.000Z,
2026-07-16T01:01:05.000Z,
2026-07-16T04:11:58.000Z,
2026-07-16T06:29:21.000Z,
2026-07-16T08:40:02.000Z,
2026-07-16T10:32:02.000Z,
2026-07-16T12:02:43.000Z,
2026-07-16T14:12:01.000Z,
2026-07-16T15:45:20.000Z,
2026-07-16T16:52:45.000Z,
2026-07-16T17:56:28.000Z,
2026-07-16T18:59:06.000Z,
2026-07-16T20:01:36.000Z,
2026-07-16T21:08:50.000Z,
2026-07-16T22:11:57.000Z,
2026-07-16T23:09:00.000Z,
2026-07-17T00:09:01.000Z,
2026-07-17T03:31:50.000Z,
2026-07-17T05:59:55.000Z,
2026-07-17T08:11:53.000Z,
2026-07-17T10:09:46.000Z,
2026-07-17T11:37:28.000Z,
2026-07-17T12:44:50.000Z,
2026-07-17T14:15:53.000Z,
2026-07-17T15:41:23.000Z,
2026-07-17T16:44:13.000Z,
2026-07-17T17:45:23.000Z,
2026-07-17T18:40:33.000Z,
2026-07-17T19:43:45.000Z,
2026-07-17T20:32:08.000Z,
2026-07-17T21:23:25.000Z,
2026-07-17T22:09:22.000Z,
2026-07-17T23:04:00.000Z,
2026-07-17T23:59:09.000Z,
2026-07-18T02:28:58.000Z,
2026-07-18T05:07:52.000Z,
2026-07-18T07:05:00.000Z,
2026-07-18T08:54:36.000Z,
2026-07-18T10:06:03.000Z,
2026-07-18T11:14:13.000Z,
2026-07-18T12:04:07.000Z,
2026-07-18T13:40:30.000Z,
2026-07-18T14:37:11.000Z,
2026-07-18T15:32:25.000Z,
2026-07-18T16:28:39.000Z,
2026-07-18T17:28:49.000Z,
2026-07-18T18:26:06.000Z,
2026-07-18T19:38:29.000Z,
2026-07-18T20:24:23.000Z,
2026-07-18T21:09:22.000Z,
2026-07-18T22:02:53.000Z,
2026-07-18T22:57:48.000Z,
2026-07-18T23:49:55.000Z,
2026-07-19T01:11:16.000Z,
2026-07-19T04:31:53.000Z,
2026-07-19T07:06:35.000Z,
2026-07-19T09:11:33.000Z,
2026-07-19T10:41:37.000Z,
2026-07-19T11:41:03.000Z,
2026-07-19T12:33:37.000Z,
2026-07-19T14:05:24.000Z,
2026-07-19T15:06:46.000Z,
2026-07-19T16:04:51.000Z,
2026-07-19T17:09:19.000Z,
2026-07-19T18:04:50.000Z,
2026-07-19T19:19:10.000Z,
2026-07-19T20:11:44.000Z,
2026-07-19T21:05:08.000Z,
2026-07-19T22:02:01.000Z,
2026-07-19T22:58:50.000Z,
2026-07-19T23:55:22.000Z,
2026-07-20T01:57:45.000Z,
2026-07-20T05:36:44.000Z,
2026-07-20T08:26:07.000Z,
2026-07-20T11:18:40.000Z,
2026-07-20T13:18:32.000Z,
2026-07-20T15:21:33.000Z,
2026-07-20T16:46:30.000Z,
2026-07-20T18:33:24.000Z,
2026-07-20T20:08:06.000Z,
2026-07-20T21:19:18.000Z,
2026-07-20T22:14:40.000Z,
2026-07-20T23:14:05.000Z,
2026-07-21T00:08:16.000Z,
2026-07-21T03:37:27.000Z,
2026-07-21T06:13:51.000Z,
2026-07-21T08:43:11.000Z,
2026-07-21T10:48:12.000Z,
2026-07-21T12:11:41.000Z,
2026-07-21T14:18:43.000Z,
2026-07-21T15:54:45.000Z,
2026-07-21T17:03:52.000Z,
2026-07-21T18:20:36.000Z,
2026-07-21T19:54:47.000Z,
2026-07-21T20:55:34.000Z,
2026-07-21T21:54:28.000Z,
2026-07-21T22:41:13.000Z,
2026-07-21T23:38:47.000Z,
2026-07-22T01:02:36.000Z,
2026-07-22T04:22:51.000Z,
2026-07-22T06:45:22.000Z,
2026-07-22T09:14:52.000Z,
2026-07-22T11:19:21.000Z,
2026-07-22T12:48:04.000Z,
2026-07-22T14:47:18.000Z,
2026-07-22T16:07:50.000Z,
2026-07-22T17:37:16.000Z,
2026-07-22T18:44:09.000Z,
2026-07-22T19:57:04.000Z,
2026-07-22T20:59:00.000Z,
2026-07-22T22:02:20.000Z,
2026-07-22T23:10:10.000Z,
2026-07-23T00:11:00.000Z,
2026-07-23T03:40:18.000Z,
2026-07-23T06:16:48.000Z,
2026-07-23T08:45:03.000Z,
2026-07-23T10:51:31.000Z,
2026-07-23T12:14:34.000Z,
2026-07-23T14:31:37.000Z,
2026-07-23T16:08:32.000Z,
2026-07-23T17:42:04.000Z,
2026-07-23T18:48:00.000Z,
2026-07-23T20:01:17.000Z,
2026-07-23T21:10:20.000Z,
2026-07-23T22:12:07.000Z,
2026-07-23T23:09:36.000Z,
2026-07-24T00:08:04.000Z,
2026-07-24T03:36:34.000Z,
2026-07-24T06:10:45.000Z,
2026-07-24T08:39:08.000Z,
2026-07-24T10:35:47.000Z,
2026-07-24T12:03:49.000Z,
2026-07-24T14:03:40.000Z,
2026-07-24T15:35:45.000Z,
2026-07-24T17:08:19.000Z,
2026-07-24T18:41:23.000Z,
2026-07-24T20:00:12.000Z,
2026-07-24T21:05:34.000Z,
2026-07-24T22:13:47.000Z,
2026-07-24T23:15:30.000Z,
2026-07-25T00:14:32.000Z,
2026-07-25T03:36:56.000Z,
2026-07-25T06:02:42.000Z,
2026-07-25T08:18:11.000Z,
2026-07-25T10:01:57.000Z,
2026-07-25T11:13:46.000Z,
2026-07-25T12:08:52.000Z,
2026-07-25T13:57:38.000Z,
2026-07-25T14:58:24.000Z,
2026-07-25T16:01:52.000Z,
2026-07-25T17:08:15.000Z,
2026-07-25T18:04:13.000Z,
2026-07-25T19:21:07.000Z,
2026-07-25T20:15:29.000Z,
2026-07-25T21:08:32.000Z,
2026-07-25T22:05:20.000Z,
2026-07-25T23:04:20.000Z,
2026-07-26T00:07:01.000Z,
2026-07-26T03:48:47.000Z,
2026-07-26T06:24:04.000Z,
2026-07-26T08:41:19.000Z,
2026-07-26T10:20:52.000Z,
2026-07-26T11:39:09.000Z,
2026-07-26T12:41:37.000Z,
2026-07-26T14:12:50.000Z,
2026-07-26T15:19:44.000Z,
2026-07-26T16:16:13.000Z,
2026-07-26T17:16:52.000Z,
2026-07-26T18:12:22.000Z,
2026-07-26T19:32:36.000Z,
2026-07-26T20:31:16.000Z,
2026-07-26T21:27:54.000Z,
2026-07-26T22:28:17.000Z,
2026-07-26T23:27:24.000Z,
2026-07-27T01:05:49.000Z,
2026-07-27T04:46:40.000Z,
2026-07-27T08:14:49.000Z,
2026-07-27T11:38:32.000Z,
2026-07-27T13:55:33.000Z,
2026-07-27T16:06:36.000Z,
2026-07-27T17:50:40.000Z,
2026-07-27T19:02:34.000Z,
2026-07-27T20:36:44.000Z,
2026-07-27T21:43:00.000Z,
2026-07-27T22:40:42.000Z,
2026-07-27T23:42:07.000Z,
2026-07-28T01:01:33.000Z,
2026-07-28T04:14:03.000Z,
2026-07-28T06:39:34.000Z,
2026-07-28T09:20:21.000Z,
2026-07-28T11:29:59.000Z,
2026-07-28T13:09:13.000Z,0.2
2026-07-28T15:29:46.000Z,
2026-07-28T16:57:58.000Z,
2026-07-28T18:10:55.000Z,
2026-07-28T19:49:01.000Z,
2026-07-28T20:49:58.000Z,
2026-07-28T21:48:53.000Z,
2026-07-28T22:43:27.000Z,
2026-07-28T23:39:51.000Z,
2026-07-29T01:05:12.000Z,
2026-07-29T04:21:09.000Z,
2026-07-29T07:07:48.000Z,
2026-07-29T09:45:33.000Z,
2026-07-29T11:48:29.000Z,
2026-07-29T13:25:11.000Z,
2026-07-29T15:23:54.000Z,
2026-07-29T16:42:21.000Z,
2026-07-29T17:53:38.000Z,
2026-07-29T18:44:30.000Z,
2026-07-29T20:00:49.000Z,
2026-07-29T20:59:58.000Z,
2026-07-29T22:01:47.000Z,
2026-07-29T23:03:24.000Z,
2026-07-30T00:05:03.000Z,
2026-07-30T03:16:56.000Z,
2026-07-30T05:59:44.000Z,
2026-07-30T08:28:03.000Z,
